{
  "main.go": 1777999491.7930343,
  "app/admin/apis/captcha.go": 1777999491.0429134,
  "app/admin/apis/go_admin.go": 1777999491.0469089,
  "app/admin/apis/sys_api.go": 1777999491.050022,
  "app/admin/apis/sys_config.go": 1777999491.053102,
  "app/admin/apis/sys_dept.go": 1777999491.05771,
  "app/admin/apis/sys_dict_data.go": 1777999491.0607874,
  "app/admin/apis/sys_dict_type.go": 1777999491.065393,
  "app/admin/apis/sys_login_log.go": 1777999491.067962,
  "app/admin/apis/sys_menu.go": 1777999491.071497,
  "app/admin/apis/sys_opera_log.go": 1777999491.0755332,
  "app/admin/apis/sys_post.go": 1777999491.0784998,
  "app/admin/apis/sys_role.go": 1777999491.0815032,
  "app/admin/apis/sys_user.go": 1777999491.0845058,
  "app/admin/models/casbin_rule.go": 1777999491.0911534,
  "app/admin/models/datascope.go": 1777999491.0942996,
  "app/admin/models/initdb.go": 1777999491.097836,
  "app/admin/models/sys_api.go": 1777999491.1019456,
  "app/admin/models/sys_config.go": 1777999491.1049812,
  "app/admin/models/sys_dept.go": 1777999491.1079812,
  "app/admin/models/sys_dict_data.go": 1777999491.1115746,
  "app/admin/models/sys_dict_type.go": 1777999491.1151524,
  "app/admin/models/sys_login_log.go": 1777999491.1181533,
  "app/admin/models/sys_menu.go": 1777999491.1216571,
  "app/admin/models/sys_opera_log.go": 1777999491.1251636,
  "app/admin/models/sys_post.go": 1777999491.1276662,
  "app/admin/models/sys_role.go": 1777999491.131669,
  "app/admin/models/sys_user.go": 1777999491.1351757,
  "app/admin/router/init_router.go": 1777999491.1401775,
  "app/admin/router/router.go": 1777999491.144751,
  "app/admin/router/sys_api.go": 1777999491.147751,
  "app/admin/router/sys_config.go": 1777999491.1515112,
  "app/admin/router/sys_dept.go": 1777999491.1550455,
  "app/admin/router/sys_dict.go": 1777999491.1580606,
  "app/admin/router/sys_login_log.go": 1777999491.1620767,
  "app/admin/router/sys_menu.go": 1777999491.165627,
  "app/admin/router/sys_opera_log.go": 1777999491.1686265,
  "app/admin/router/sys_post.go": 1777999491.1716292,
  "app/admin/router/sys_role.go": 1777999491.1746345,
  "app/admin/router/sys_router.go": 1777999491.1786664,
  "app/admin/router/sys_user.go": 1777999491.18229,
  "app/admin/service/sys_api.go": 1777999491.2368054,
  "app/admin/service/sys_config.go": 1777999491.241353,
  "app/admin/service/sys_dept.go": 1777999491.2443807,
  "app/admin/service/sys_dict_data.go": 1777999491.2478845,
  "app/admin/service/sys_dict_type.go": 1777999491.2503984,
  "app/admin/service/sys_login_log.go": 1777999491.25452,
  "app/admin/service/sys_menu.go": 1777999491.258032,
  "app/admin/service/sys_opera_log.go": 1777999491.2605426,
  "app/admin/service/sys_post.go": 1777999491.2636461,
  "app/admin/service/sys_role.go": 1777999491.267646,
  "app/admin/service/sys_role_menu.go": 1777999491.2706463,
  "app/admin/service/sys_user.go": 1777999491.273237,
  "app/admin/service/dto/sys_api.go": 1777999491.1928482,
  "app/admin/service/dto/sys_config.go": 1777999491.1988516,
  "app/admin/service/dto/sys_dept.go": 1777999491.2019076,
  "app/admin/service/dto/sys_dict_data.go": 1777999491.2059498,
  "app/admin/service/dto/sys_dict_type.go": 1777999491.209949,
  "app/admin/service/dto/sys_login_log.go": 1777999491.2134836,
  "app/admin/service/dto/sys_menu.go": 1777999491.218549,
  "app/admin/service/dto/sys_opera_log.go": 1777999491.2215657,
  "app/admin/service/dto/sys_post.go": 1777999491.2263696,
  "app/admin/service/dto/sys_role.go": 1777999491.230295,
  "app/admin/service/dto/sys_user.go": 1777999491.2338054,
  "app/jobs/examples.go": 1777999491.284772,
  "app/jobs/jobbase.go": 1777999491.2872846,
  "app/jobs/type.go": 1777999491.3218882,
  "app/jobs/apis/sys_job.go": 1777999491.281766,
  "app/jobs/models/sys_job.go": 1777999491.2928052,
  "app/jobs/router/int_router.go": 1777999491.2978113,
  "app/jobs/router/router.go": 1777999491.3023167,
  "app/jobs/router/sys_job.go": 1777999491.3053267,
  "app/jobs/service/sys_job.go": 1777999491.3188653,
  "app/jobs/service/dto/sys_job.go": 1777999491.3153617,
  "app/other/apis/file.go": 1777999491.3298821,
  "app/other/apis/sys_server_monitor.go": 1777999491.3344364,
  "app/other/apis/tools/db_columns.go": 1777999491.3419583,
  "app/other/apis/tools/db_tables.go": 1777999491.3459637,
  "app/other/apis/tools/gen.go": 1777999491.3504744,
  "app/other/apis/tools/sys_tables.go": 1777999491.3545024,
  "app/other/models/tools/db_columns.go": 1777999491.365606,
  "app/other/models/tools/db_tables.go": 1777999491.3701117,
  "app/other/models/tools/sys_columns.go": 1777999491.3746405,
  "app/other/models/tools/sys_tables.go": 1777999491.3786452,
  "app/other/router/file.go": 1777999491.3844314,
  "app/other/router/gen_router.go": 1777999491.3879702,
  "app/other/router/init_router.go": 1777999491.3919785,
  "app/other/router/monitor.go": 1777999491.3949947,
  "app/other/router/router.go": 1777999491.397994,
  "app/other/router/sys_server_monitor.go": 1777999491.4017577,
  "app/other/service/dto/sys_tables.go": 1777999491.4127724,
  "cmd/cobra.go": 1777999491.4300854,
  "cmd/api/jobs.go": 1777999491.4178169,
  "cmd/api/other.go": 1777999491.4213548,
  "cmd/api/server.go": 1777999491.42346,
  "cmd/app/server.go": 1777999491.427613,
  "cmd/config/server.go": 1777999491.4345994,
  "cmd/migrate/server.go": 1777999491.5501468,
  "cmd/migrate/migration/init.go": 1777999491.4428413,
  "cmd/migrate/migration/models/by.go": 1777999491.45035,
  "cmd/migrate/migration/models/casbin_rule.go": 1777999491.454858,
  "cmd/migrate/migration/models/initdb.go": 1777999491.4588697,
  "cmd/migrate/migration/models/model.go": 1777999491.4630215,
  "cmd/migrate/migration/models/role_dept.go": 1777999491.4669924,
  "cmd/migrate/migration/models/sys_api.go": 1777999491.4700239,
  "cmd/migrate/migration/models/sys_columns.go": 1777999491.4742732,
  "cmd/migrate/migration/models/sys_config.go": 1777999491.4783027,
  "cmd/migrate/migration/models/sys_dept.go": 1777999491.4819293,
  "cmd/migrate/migration/models/sys_dict_data.go": 1777999491.4855072,
  "cmd/migrate/migration/models/sys_dict_type.go": 1777999491.489543,
  "cmd/migrate/migration/models/sys_job.go": 1777999491.4940095,
  "cmd/migrate/migration/models/sys_login_log.go": 1777999491.4970098,
  "cmd/migrate/migration/models/sys_menu.go": 1777999491.501511,
  "cmd/migrate/migration/models/sys_opera_log.go": 1777999491.505569,
  "cmd/migrate/migration/models/sys_post.go": 1777999491.508564,
  "cmd/migrate/migration/models/sys_role.go": 1777999491.5120974,
  "cmd/migrate/migration/models/sys_tables.go": 1777999491.5162249,
  "cmd/migrate/migration/models/sys_user.go": 1777999491.5197978,
  "cmd/migrate/migration/models/tb_demo.go": 1777999491.5252244,
  "cmd/migrate/migration/version/1599190683659_tables.go": 1777999491.5419886,
  "cmd/migrate/migration/version/1653638869132_migrate.go": 1777999491.547111,
  "cmd/migrate/migration/version-local/doc.go": 1777999491.532329,
  "cmd/version/server.go": 1777999491.5542202,
  "common/ip.go": 1777999491.6495264,
  "common/actions/create.go": 1777999491.5607798,
  "common/actions/delete.go": 1777999491.5632818,
  "common/actions/index.go": 1777999491.5668762,
  "common/actions/permission.go": 1777999491.5688758,
  "common/actions/type.go": 1777999491.5719614,
  "common/actions/update.go": 1777999491.5739975,
  "common/actions/view.go": 1777999491.5774765,
  "common/apis/api.go": 1777999491.5821216,
  "common/database/initialize.go": 1777999491.5864453,
  "common/database/open.go": 1777999491.5894382,
  "common/database/open_sqlite3.go": 1777999491.5922346,
  "common/dto/auto_form.go": 1777999491.5968387,
  "common/dto/generate.go": 1777999491.5998402,
  "common/dto/order.go": 1777999491.6029286,
  "common/dto/pagination.go": 1777999491.6049275,
  "common/dto/search.go": 1777999491.6074326,
  "common/dto/type.go": 1777999491.6104326,
  "common/file_store/initialize.go": 1777999491.61499,
  "common/file_store/interface.go": 1777999491.6170223,